teu_id,pm_name,qc_pick_wait_start,qc_pick_wait_stop,qc_pick_start,qc_pick_stop,qc_transfer_wait_start,qc_transfer_wait_stop,qc_transfer_start,qc_transfer_stop,qc_load_to_pm_wait_start,qc_load_to_pm_wait_stop,qc_load_to_pm_start,qc_load_to_pm_stop,qc_travelback_wait_start,qc_travelback_wait_stop,qc_travelback_start,qc_travelback_stop,pm_travel_to_yard_wait_start,pm_travel_to_yard_wait_stop,pm_travel_to_yard_start,pm_travel_to_yard_stop,pm_unload_wait_start,pm_unload_wait_stop,pm_unload_start,pm_unload_stop,pm_return_wait_start,pm_return_wait_stop,pm_return_start,pm_return_stop
1,pm_01,,,1970-01-01 00:00:00.000000,1970-01-01 00:01:00.000000,1970-01-01,1970-01-01 00:01:00.000000,1970-01-01 00:01:00.000000,1970-01-01 00:03:00.000000,1970-01-01,1970-01-01 00:03:00.000000,1970-01-01 00:03:00.000000,1970-01-01 00:04:00.000000,1970-01-01,1970-01-01 00:04:00.000000,1970-01-01 00:04:00.000000,1970-01-01 00:05:00.000000,1970-01-01,1970-01-01 00:04:00.000000,1970-01-01 00:04:00.000000,1970-01-01 00:35:25.649183,1970-01-01,1970-01-01 00:35:25.649183,1970-01-01 00:35:25.649183,1970-01-01 00:37:25.649183,1970-01-01,1970-01-01 00:37:25.649183,1970-01-01 00:37:25.649183,1970-01-01 01:08:51.298365
2,pm_02,1970-01-01,1970-01-01 00:05:00.000000,1970-01-01 00:05:00.000000,1970-01-01 00:06:00.000000,1970-01-01,1970-01-01 00:06:00.000000,1970-01-01 00:06:00.000000,1970-01-01 00:08:00.000000,1970-01-01,1970-01-01 00:08:00.000000,1970-01-01 00:08:00.000000,1970-01-01 00:09:00.000000,1970-01-01,1970-01-01 00:09:00.000000,1970-01-01 00:09:00.000000,1970-01-01 00:10:00.000000,1970-01-01,1970-01-01 00:09:00.000000,1970-01-01 00:09:00.000000,1970-01-01 00:40:25.649183,1970-01-01,1970-01-01 00:40:25.649183,1970-01-01 00:40:25.649183,1970-01-01 00:42:25.649183,1970-01-01,1970-01-01 00:42:25.649183,1970-01-01 00:42:25.649183,1970-01-01 01:13:51.298365
3,pm_03,1970-01-01,1970-01-01 00:10:00.000000,1970-01-01 00:10:00.000000,1970-01-01 00:11:00.000000,1970-01-01,1970-01-01 00:11:00.000000,1970-01-01 00:11:00.000000,1970-01-01 00:13:00.000000,1970-01-01,1970-01-01 00:13:00.000000,1970-01-01 00:13:00.000000,1970-01-01 00:14:00.000000,1970-01-01,1970-01-01 00:14:00.000000,1970-01-01 00:14:00.000000,1970-01-01 00:15:00.000000,1970-01-01,1970-01-01 00:14:00.000000,1970-01-01 00:14:00.000000,1970-01-01 00:45:25.649183,1970-01-01,1970-01-01 00:45:25.649183,1970-01-01 00:45:25.649183,1970-01-01 00:47:25.649183,1970-01-01,1970-01-01 00:47:25.649183,1970-01-01 00:47:25.649183,1970-01-01 01:18:51.298365
4,pm_04,1970-01-01,1970-01-01 00:15:00.000000,1970-01-01 00:15:00.000000,1970-01-01 00:16:00.000000,1970-01-01,1970-01-01 00:16:00.000000,1970-01-01 00:16:00.000000,1970-01-01 00:18:00.000000,1970-01-01,1970-01-01 00:18:00.000000,1970-01-01 00:18:00.000000,1970-01-01 00:19:00.000000,1970-01-01,1970-01-01 00:19:00.000000,1970-01-01 00:19:00.000000,1970-01-01 00:20:00.000000,1970-01-01,1970-01-01 00:19:00.000000,1970-01-01 00:19:00.000000,1970-01-01 00:50:25.649183,1970-01-01,1970-01-01 00:50:25.649183,1970-01-01 00:50:25.649183,1970-01-01 00:52:25.649183,1970-01-01,1970-01-01 00:52:25.649183,1970-01-01 00:52:25.649183,1970-01-01 01:23:51.298365
5,pm_05,1970-01-01,1970-01-01 00:20:00.000000,1970-01-01 00:20:00.000000,1970-01-01 00:21:00.000000,1970-01-01,1970-01-01 00:21:00.000000,1970-01-01 00:21:00.000000,1970-01-01 00:23:00.000000,1970-01-01,1970-01-01 00:23:00.000000,1970-01-01 00:23:00.000000,1970-01-01 00:24:00.000000,1970-01-01,1970-01-01 00:24:00.000000,1970-01-01 00:24:00.000000,1970-01-01 00:25:00.000000,1970-01-01,1970-01-01 00:24:00.000000,1970-01-01 00:24:00.000000,1970-01-01 00:55:25.649183,1970-01-01,1970-01-01 00:55:25.649183,1970-01-01 00:55:25.649183,1970-01-01 00:57:25.649183,1970-01-01,1970-01-01 00:57:25.649183,1970-01-01 00:57:25.649183,1970-01-01 01:28:51.298365
6,pm_06,1970-01-01,1970-01-01 00:25:00.000000,1970-01-01 00:25:00.000000,1970-01-01 00:26:00.000000,1970-01-01,1970-01-01 00:26:00.000000,1970-01-01 00:26:00.000000,1970-01-01 00:28:00.000000,1970-01-01,1970-01-01 00:28:00.000000,1970-01-01 00:28:00.000000,1970-01-01 00:29:00.000000,1970-01-01,1970-01-01 00:29:00.000000,1970-01-01 00:29:00.000000,1970-01-01 00:30:00.000000,1970-01-01,1970-01-01 00:29:00.000000,1970-01-01 00:29:00.000000,1970-01-01 01:00:25.649183,1970-01-01,1970-01-01 01:00:25.649183,1970-01-01 01:00:25.649183,1970-01-01 01:02:25.649183,1970-01-01,1970-01-01 01:02:25.649183,1970-01-01 01:02:25.649183,1970-01-01 01:33:51.298365
7,pm_07,1970-01-01,1970-01-01 00:30:00.000000,1970-01-01 00:30:00.000000,1970-01-01 00:31:00.000000,1970-01-01,1970-01-01 00:31:00.000000,1970-01-01 00:31:00.000000,1970-01-01 00:33:00.000000,1970-01-01,1970-01-01 00:33:00.000000,1970-01-01 00:33:00.000000,1970-01-01 00:34:00.000000,1970-01-01,1970-01-01 00:34:00.000000,1970-01-01 00:34:00.000000,1970-01-01 00:35:00.000000,1970-01-01,1970-01-01 00:34:00.000000,1970-01-01 00:34:00.000000,1970-01-01 01:05:25.649183,1970-01-01,1970-01-01 01:05:25.649183,1970-01-01 01:05:25.649183,1970-01-01 01:07:25.649183,1970-01-01,1970-01-01 01:07:25.649183,1970-01-01 01:07:25.649183,1970-01-01 01:38:51.298365
8,pm_08,1970-01-01,1970-01-01 00:35:00.000000,1970-01-01 00:35:00.000000,1970-01-01 00:36:00.000000,1970-01-01,1970-01-01 00:36:00.000000,1970-01-01 00:36:00.000000,1970-01-01 00:38:00.000000,1970-01-01,1970-01-01 00:38:00.000000,1970-01-01 00:38:00.000000,1970-01-01 00:39:00.000000,1970-01-01,1970-01-01 00:39:00.000000,1970-01-01 00:39:00.000000,1970-01-01 00:40:00.000000,1970-01-01,1970-01-01 00:39:00.000000,1970-01-01 00:39:00.000000,1970-01-01 01:10:25.649183,1970-01-01,1970-01-01 01:10:25.649183,1970-01-01 01:10:25.649183,1970-01-01 01:12:25.649183,1970-01-01,1970-01-01 01:12:25.649183,1970-01-01 01:12:25.649183,1970-01-01 01:43:51.298365
9,pm_09,1970-01-01,1970-01-01 00:40:00.000000,1970-01-01 00:40:00.000000,1970-01-01 00:41:00.000000,1970-01-01,1970-01-01 00:41:00.000000,1970-01-01 00:41:00.000000,1970-01-01 00:43:00.000000,1970-01-01,1970-01-01 00:43:00.000000,1970-01-01 00:43:00.000000,1970-01-01 00:44:00.000000,1970-01-01,1970-01-01 00:44:00.000000,1970-01-01 00:44:00.000000,1970-01-01 00:45:00.000000,1970-01-01,1970-01-01 00:44:00.000000,1970-01-01 00:44:00.000000,1970-01-01 01:15:25.649183,1970-01-01,1970-01-01 01:15:25.649183,1970-01-01 01:15:25.649183,1970-01-01 01:17:25.649183,1970-01-01,1970-01-01 01:17:25.649183,1970-01-01 01:17:25.649183,1970-01-01 01:48:51.298365
10,pm_10,1970-01-01,1970-01-01 00:45:00.000000,1970-01-01 00:45:00.000000,1970-01-01 00:46:00.000000,1970-01-01,1970-01-01 00:46:00.000000,1970-01-01 00:46:00.000000,1970-01-01 00:48:00.000000,1970-01-01,1970-01-01 00:48:00.000000,1970-01-01 00:48:00.000000,1970-01-01 00:49:00.000000,1970-01-01,1970-01-01 00:49:00.000000,1970-01-01 00:49:00.000000,1970-01-01 00:50:00.000000,1970-01-01,1970-01-01 00:49:00.000000,1970-01-01 00:49:00.000000,1970-01-01 01:20:25.649183,1970-01-01,1970-01-01 01:20:25.649183,1970-01-01 01:20:25.649183,1970-01-01 01:22:25.649183,1970-01-01,1970-01-01 01:22:25.649183,1970-01-01 01:22:25.649183,1970-01-01 01:53:51.298365
11,pm_01,1970-01-01,1970-01-01 00:50:00.000000,1970-01-01 00:50:00.000000,1970-01-01 00:51:00.000000,1970-01-01,1970-01-01 00:51:00.000000,1970-01-01 00:51:00.000000,1970-01-01 00:53:00.000000,1970-01-01,1970-01-01 01:08:51.298365,1970-01-01 01:08:51.298365,1970-01-01 01:09:51.298365,1970-01-01,1970-01-01 01:09:51.298365,1970-01-01 01:09:51.298365,1970-01-01 01:10:51.298365,1970-01-01,1970-01-01 01:09:51.298365,1970-01-01 01:09:51.298365,1970-01-01 01:41:16.947548,1970-01-01,1970-01-01 01:41:16.947548,1970-01-01 01:41:16.947548,1970-01-01 01:43:16.947548,1970-01-01,1970-01-01 01:43:16.947548,1970-01-01 01:43:16.947548,1970-01-01 02:14:42.596730
12,pm_02,1970-01-01,1970-01-01 01:10:51.298365,1970-01-01 01:10:51.298365,1970-01-01 01:11:51.298365,1970-01-01,1970-01-01 01:11:51.298365,1970-01-01 01:11:51.298365,1970-01-01 01:13:51.298365,1970-01-01,1970-01-01 01:13:51.298365,1970-01-01 01:13:51.298365,1970-01-01 01:14:51.298365,1970-01-01,1970-01-01 01:14:51.298365,1970-01-01 01:14:51.298365,1970-01-01 01:15:51.298365,1970-01-01,1970-01-01 01:14:51.298365,1970-01-01 01:14:51.298365,1970-01-01 01:46:16.947548,1970-01-01,1970-01-01 01:46:16.947548,1970-01-01 01:46:16.947548,1970-01-01 01:48:16.947548,1970-01-01,1970-01-01 01:48:16.947548,1970-01-01 01:48:16.947548,1970-01-01 02:19:42.596730
13,pm_03,1970-01-01,1970-01-01 01:15:51.298365,1970-01-01 01:15:51.298365,1970-01-01 01:16:51.298365,1970-01-01,1970-01-01 01:16:51.298365,1970-01-01 01:16:51.298365,1970-01-01 01:18:51.298365,1970-01-01,1970-01-01 01:18:51.298365,1970-01-01 01:18:51.298365,1970-01-01 01:19:51.298365,1970-01-01,1970-01-01 01:19:51.298365,1970-01-01 01:19:51.298365,1970-01-01 01:20:51.298365,1970-01-01,1970-01-01 01:19:51.298365,1970-01-01 01:19:51.298365,1970-01-01 01:51:16.947548,1970-01-01,1970-01-01 01:51:16.947548,1970-01-01 01:51:16.947548,1970-01-01 01:53:16.947548,1970-01-01,1970-01-01 01:53:16.947548,1970-01-01 01:53:16.947548,1970-01-01 02:24:42.596730
14,pm_04,1970-01-01,1970-01-01 01:20:51.298365,1970-01-01 01:20:51.298365,1970-01-01 01:21:51.298365,1970-01-01,1970-01-01 01:21:51.298365,1970-01-01 01:21:51.298365,1970-01-01 01:23:51.298365,1970-01-01,1970-01-01 01:23:51.298365,1970-01-01 01:23:51.298365,1970-01-01 01:24:51.298365,1970-01-01,1970-01-01 01:24:51.298365,1970-01-01 01:24:51.298365,1970-01-01 01:25:51.298365,1970-01-01,1970-01-01 01:24:51.298365,1970-01-01 01:24:51.298365,1970-01-01 01:56:16.947548,1970-01-01,1970-01-01 01:56:16.947548,1970-01-01 01:56:16.947548,1970-01-01 01:58:16.947548,1970-01-01,1970-01-01 01:58:16.947548,1970-01-01 01:58:16.947548,1970-01-01 02:29:42.596730
15,pm_05,1970-01-01,1970-01-01 01:25:51.298365,1970-01-01 01:25:51.298365,1970-01-01 01:26:51.298365,1970-01-01,1970-01-01 01:26:51.298365,1970-01-01 01:26:51.298365,1970-01-01 01:28:51.298365,1970-01-01,1970-01-01 01:28:51.298365,1970-01-01 01:28:51.298365,1970-01-01 01:29:51.298365,1970-01-01,1970-01-01 01:29:51.298365,1970-01-01 01:29:51.298365,1970-01-01 01:30:51.298365,1970-01-01,1970-01-01 01:29:51.298365,1970-01-01 01:29:51.298365,1970-01-01 02:01:16.947548,1970-01-01,1970-01-01 02:01:16.947548,1970-01-01 02:01:16.947548,1970-01-01 02:03:16.947548,1970-01-01,1970-01-01 02:03:16.947548,1970-01-01 02:03:16.947548,1970-01-01 02:34:42.596730
16,pm_06,1970-01-01,1970-01-01 01:30:51.298365,1970-01-01 01:30:51.298365,1970-01-01 01:31:51.298365,1970-01-01,1970-01-01 01:31:51.298365,1970-01-01 01:31:51.298365,1970-01-01 01:33:51.298365,1970-01-01,1970-01-01 01:33:51.298365,1970-01-01 01:33:51.298365,1970-01-01 01:34:51.298365,1970-01-01,1970-01-01 01:34:51.298365,1970-01-01 01:34:51.298365,1970-01-01 01:35:51.298365,1970-01-01,1970-01-01 01:34:51.298365,1970-01-01 01:34:51.298365,1970-01-01 02:06:16.947548,1970-01-01,1970-01-01 02:06:16.947548,1970-01-01 02:06:16.947548,1970-01-01 02:08:16.947548,1970-01-01,1970-01-01 02:08:16.947548,1970-01-01 02:08:16.947548,1970-01-01 02:39:42.596730
17,pm_07,1970-01-01,1970-01-01 01:35:51.298365,1970-01-01 01:35:51.298365,1970-01-01 01:36:51.298365,1970-01-01,1970-01-01 01:36:51.298365,1970-01-01 01:36:51.298365,1970-01-01 01:38:51.298365,1970-01-01,1970-01-01 01:38:51.298365,1970-01-01 01:38:51.298365,1970-01-01 01:39:51.298365,1970-01-01,1970-01-01 01:39:51.298365,1970-01-01 01:39:51.298365,1970-01-01 01:40:51.298365,1970-01-01,1970-01-01 01:39:51.298365,1970-01-01 01:39:51.298365,1970-01-01 02:11:16.947548,1970-01-01,1970-01-01 02:11:16.947548,1970-01-01 02:11:16.947548,1970-01-01 02:13:16.947548,1970-01-01,1970-01-01 02:13:16.947548,1970-01-01 02:13:16.947548,1970-01-01 02:44:42.596730
18,pm_08,1970-01-01,1970-01-01 01:40:51.298365,1970-01-01 01:40:51.298365,1970-01-01 01:41:51.298365,1970-01-01,1970-01-01 01:41:51.298365,1970-01-01 01:41:51.298365,1970-01-01 01:43:51.298365,1970-01-01,1970-01-01 01:43:51.298365,1970-01-01 01:43:51.298365,1970-01-01 01:44:51.298365,1970-01-01,1970-01-01 01:44:51.298365,1970-01-01 01:44:51.298365,1970-01-01 01:45:51.298365,1970-01-01,1970-01-01 01:44:51.298365,1970-01-01 01:44:51.298365,1970-01-01 02:16:16.947548,1970-01-01,1970-01-01 02:16:16.947548,1970-01-01 02:16:16.947548,1970-01-01 02:18:16.947548,1970-01-01,1970-01-01 02:18:16.947548,1970-01-01 02:18:16.947548,1970-01-01 02:49:42.596730
19,pm_09,1970-01-01,1970-01-01 01:45:51.298365,1970-01-01 01:45:51.298365,1970-01-01 01:46:51.298365,1970-01-01,1970-01-01 01:46:51.298365,1970-01-01 01:46:51.298365,1970-01-01 01:48:51.298365,1970-01-01,1970-01-01 01:48:51.298365,1970-01-01 01:48:51.298365,1970-01-01 01:49:51.298365,1970-01-01,1970-01-01 01:49:51.298365,1970-01-01 01:49:51.298365,1970-01-01 01:50:51.298365,1970-01-01,1970-01-01 01:49:51.298365,1970-01-01 01:49:51.298365,1970-01-01 02:21:16.947548,1970-01-01,1970-01-01 02:21:16.947548,1970-01-01 02:21:16.947548,1970-01-01 02:23:16.947548,1970-01-01,1970-01-01 02:23:16.947548,1970-01-01 02:23:16.947548,1970-01-01 02:54:42.596730
20,pm_10,1970-01-01,1970-01-01 01:50:51.298365,1970-01-01 01:50:51.298365,1970-01-01 01:51:51.298365,1970-01-01,1970-01-01 01:51:51.298365,1970-01-01 01:51:51.298365,1970-01-01 01:53:51.298365,1970-01-01,1970-01-01 01:53:51.298365,1970-01-01 01:53:51.298365,1970-01-01 01:54:51.298365,1970-01-01,1970-01-01 01:54:51.298365,1970-01-01 01:54:51.298365,1970-01-01 01:55:51.298365,1970-01-01,1970-01-01 01:54:51.298365,1970-01-01 01:54:51.298365,1970-01-01 02:26:16.947548,1970-01-01,1970-01-01 02:26:16.947548,1970-01-01 02:26:16.947548,1970-01-01 02:28:16.947548,1970-01-01,1970-01-01 02:28:16.947548,1970-01-01 02:28:16.947548,1970-01-01 02:59:42.596730
21,pm_01,1970-01-01,1970-01-01 01:55:51.298365,1970-01-01 01:55:51.298365,1970-01-01 01:56:51.298365,1970-01-01,1970-01-01 01:56:51.298365,1970-01-01 01:56:51.298365,1970-01-01 01:58:51.298365,1970-01-01,1970-01-01 02:14:42.596730,1970-01-01 02:14:42.596730,1970-01-01 02:15:42.596730,1970-01-01,1970-01-01 02:15:42.596730,1970-01-01 02:15:42.596730,1970-01-01 02:16:42.596730,1970-01-01,1970-01-01 02:15:42.596730,1970-01-01 02:15:42.596730,1970-01-01 02:47:08.245913,1970-01-01,1970-01-01 02:47:08.245913,1970-01-01 02:47:08.245913,1970-01-01 02:49:08.245913,1970-01-01,1970-01-01 02:49:08.245913,1970-01-01 02:49:08.245913,1970-01-01 03:20:33.895095
22,pm_02,1970-01-01,1970-01-01 02:16:42.596730,1970-01-01 02:16:42.596730,1970-01-01 02:17:42.596730,1970-01-01,1970-01-01 02:17:42.596730,1970-01-01 02:17:42.596730,1970-01-01 02:19:42.596730,1970-01-01,1970-01-01 02:19:42.596730,1970-01-01 02:19:42.596730,1970-01-01 02:20:42.596730,1970-01-01,1970-01-01 02:20:42.596730,1970-01-01 02:20:42.596730,1970-01-01 02:21:42.596730,1970-01-01,1970-01-01 02:20:42.596730,1970-01-01 02:20:42.596730,1970-01-01 02:52:08.245913,1970-01-01,1970-01-01 02:52:08.245913,1970-01-01 02:52:08.245913,1970-01-01 02:54:08.245913,1970-01-01,1970-01-01 02:54:08.245913,1970-01-01 02:54:08.245913,1970-01-01 03:25:33.895095
23,pm_03,1970-01-01,1970-01-01 02:21:42.596730,1970-01-01 02:21:42.596730,1970-01-01 02:22:42.596730,1970-01-01,1970-01-01 02:22:42.596730,1970-01-01 02:22:42.596730,1970-01-01 02:24:42.596730,1970-01-01,1970-01-01 02:24:42.596730,1970-01-01 02:24:42.596730,1970-01-01 02:25:42.596730,1970-01-01,1970-01-01 02:25:42.596730,1970-01-01 02:25:42.596730,1970-01-01 02:26:42.596730,1970-01-01,1970-01-01 02:25:42.596730,1970-01-01 02:25:42.596730,1970-01-01 02:57:08.245913,1970-01-01,1970-01-01 02:57:08.245913,1970-01-01 02:57:08.245913,1970-01-01 02:59:08.245913,1970-01-01,1970-01-01 02:59:08.245913,1970-01-01 02:59:08.245913,1970-01-01 03:30:33.895095
24,pm_04,1970-01-01,1970-01-01 02:26:42.596730,1970-01-01 02:26:42.596730,1970-01-01 02:27:42.596730,1970-01-01,1970-01-01 02:27:42.596730,1970-01-01 02:27:42.596730,1970-01-01 02:29:42.596730,1970-01-01,1970-01-01 02:29:42.596730,1970-01-01 02:29:42.596730,1970-01-01 02:30:42.596730,1970-01-01,1970-01-01 02:30:42.596730,1970-01-01 02:30:42.596730,1970-01-01 02:31:42.596730,1970-01-01,1970-01-01 02:30:42.596730,1970-01-01 02:30:42.596730,1970-01-01 03:02:08.245913,1970-01-01,1970-01-01 03:02:08.245913,1970-01-01 03:02:08.245913,1970-01-01 03:04:08.245913,1970-01-01,1970-01-01 03:04:08.245913,1970-01-01 03:04:08.245913,1970-01-01 03:35:33.895095
25,pm_05,1970-01-01,1970-01-01 02:31:42.596730,1970-01-01 02:31:42.596730,1970-01-01 02:32:42.596730,1970-01-01,1970-01-01 02:32:42.596730,1970-01-01 02:32:42.596730,1970-01-01 02:34:42.596730,1970-01-01,1970-01-01 02:34:42.596730,1970-01-01 02:34:42.596730,1970-01-01 02:35:42.596730,1970-01-01,1970-01-01 02:35:42.596730,1970-01-01 02:35:42.596730,1970-01-01 02:36:42.596730,1970-01-01,1970-01-01 02:35:42.596730,1970-01-01 02:35:42.596730,1970-01-01 03:07:08.245913,1970-01-01,1970-01-01 03:07:08.245913,1970-01-01 03:07:08.245913,1970-01-01 03:09:08.245913,1970-01-01,1970-01-01 03:09:08.245913,1970-01-01 03:09:08.245913,1970-01-01 03:40:33.895095
26,pm_06,1970-01-01,1970-01-01 02:36:42.596730,1970-01-01 02:36:42.596730,1970-01-01 02:37:42.596730,1970-01-01,1970-01-01 02:37:42.596730,1970-01-01 02:37:42.596730,1970-01-01 02:39:42.596730,1970-01-01,1970-01-01 02:39:42.596730,1970-01-01 02:39:42.596730,1970-01-01 02:40:42.596730,1970-01-01,1970-01-01 02:40:42.596730,1970-01-01 02:40:42.596730,1970-01-01 02:41:42.596730,1970-01-01,1970-01-01 02:40:42.596730,1970-01-01 02:40:42.596730,1970-01-01 03:12:08.245913,1970-01-01,1970-01-01 03:12:08.245913,1970-01-01 03:12:08.245913,1970-01-01 03:14:08.245913,1970-01-01,1970-01-01 03:14:08.245913,1970-01-01 03:14:08.245913,1970-01-01 03:45:33.895095
27,pm_07,1970-01-01,1970-01-01 02:41:42.596730,1970-01-01 02:41:42.596730,1970-01-01 02:42:42.596730,1970-01-01,1970-01-01 02:42:42.596730,1970-01-01 02:42:42.596730,1970-01-01 02:44:42.596730,1970-01-01,1970-01-01 02:44:42.596730,1970-01-01 02:44:42.596730,1970-01-01 02:45:42.596730,1970-01-01,1970-01-01 02:45:42.596730,1970-01-01 02:45:42.596730,1970-01-01 02:46:42.596730,1970-01-01,1970-01-01 02:45:42.596730,1970-01-01 02:45:42.596730,1970-01-01 03:17:08.245913,1970-01-01,1970-01-01 03:17:08.245913,1970-01-01 03:17:08.245913,1970-01-01 03:19:08.245913,1970-01-01,1970-01-01 03:19:08.245913,1970-01-01 03:19:08.245913,1970-01-01 03:50:33.895095
28,pm_08,1970-01-01,1970-01-01 02:46:42.596730,1970-01-01 02:46:42.596730,1970-01-01 02:47:42.596730,1970-01-01,1970-01-01 02:47:42.596730,1970-01-01 02:47:42.596730,1970-01-01 02:49:42.596730,1970-01-01,1970-01-01 02:49:42.596730,1970-01-01 02:49:42.596730,1970-01-01 02:50:42.596730,1970-01-01,1970-01-01 02:50:42.596730,1970-01-01 02:50:42.596730,1970-01-01 02:51:42.596730,1970-01-01,1970-01-01 02:50:42.596730,1970-01-01 02:50:42.596730,1970-01-01 03:22:08.245913,1970-01-01,1970-01-01 03:22:08.245913,1970-01-01 03:22:08.245913,1970-01-01 03:24:08.245913,1970-01-01,1970-01-01 03:24:08.245913,1970-01-01 03:24:08.245913,1970-01-01 03:55:33.895095
29,pm_09,1970-01-01,1970-01-01 02:51:42.596730,1970-01-01 02:51:42.596730,1970-01-01 02:52:42.596730,1970-01-01,1970-01-01 02:52:42.596730,1970-01-01 02:52:42.596730,1970-01-01 02:54:42.596730,1970-01-01,1970-01-01 02:54:42.596730,1970-01-01 02:54:42.596730,1970-01-01 02:55:42.596730,1970-01-01,1970-01-01 02:55:42.596730,1970-01-01 02:55:42.596730,1970-01-01 02:56:42.596730,1970-01-01,1970-01-01 02:55:42.596730,1970-01-01 02:55:42.596730,1970-01-01 03:27:08.245913,1970-01-01,1970-01-01 03:27:08.245913,1970-01-01 03:27:08.245913,1970-01-01 03:29:08.245913,1970-01-01,1970-01-01 03:29:08.245913,1970-01-01 03:29:08.245913,1970-01-01 04:00:33.895095
30,pm_10,1970-01-01,1970-01-01 02:56:42.596730,1970-01-01 02:56:42.596730,1970-01-01 02:57:42.596730,1970-01-01,1970-01-01 02:57:42.596730,1970-01-01 02:57:42.596730,1970-01-01 02:59:42.596730,1970-01-01,1970-01-01 02:59:42.596730,1970-01-01 02:59:42.596730,1970-01-01 03:00:42.596730,1970-01-01,1970-01-01 03:00:42.596730,1970-01-01 03:00:42.596730,1970-01-01 03:01:42.596730,1970-01-01,1970-01-01 03:00:42.596730,1970-01-01 03:00:42.596730,1970-01-01 03:32:08.245913,1970-01-01,1970-01-01 03:32:08.245913,1970-01-01 03:32:08.245913,1970-01-01 03:34:08.245913,1970-01-01,1970-01-01 03:34:08.245913,1970-01-01 03:34:08.245913,1970-01-01 04:05:33.895095
31,pm_01,1970-01-01,1970-01-01 03:01:42.596730,1970-01-01 03:01:42.596730,1970-01-01 03:02:42.596730,1970-01-01,1970-01-01 03:02:42.596730,1970-01-01 03:02:42.596730,1970-01-01 03:04:42.596730,1970-01-01,1970-01-01 03:20:33.895095,1970-01-01 03:20:33.895095,1970-01-01 03:21:33.895095,1970-01-01,1970-01-01 03:21:33.895095,1970-01-01 03:21:33.895095,1970-01-01 03:22:33.895095,1970-01-01,1970-01-01 03:21:33.895095,1970-01-01 03:21:33.895095,1970-01-01 03:52:59.544278,1970-01-01,1970-01-01 03:52:59.544278,1970-01-01 03:52:59.544278,1970-01-01 03:54:59.544278,1970-01-01,1970-01-01 03:54:59.544278,1970-01-01 03:54:59.544278,1970-01-01 04:26:25.193460
32,pm_02,1970-01-01,1970-01-01 03:22:33.895095,1970-01-01 03:22:33.895095,1970-01-01 03:23:33.895095,1970-01-01,1970-01-01 03:23:33.895095,1970-01-01 03:23:33.895095,1970-01-01 03:25:33.895095,1970-01-01,1970-01-01 03:25:33.895095,1970-01-01 03:25:33.895095,1970-01-01 03:26:33.895095,1970-01-01,1970-01-01 03:26:33.895095,1970-01-01 03:26:33.895095,1970-01-01 03:27:33.895095,1970-01-01,1970-01-01 03:26:33.895095,1970-01-01 03:26:33.895095,1970-01-01 03:57:59.544278,1970-01-01,1970-01-01 03:57:59.544278,1970-01-01 03:57:59.544278,1970-01-01 03:59:59.544278,1970-01-01,1970-01-01 03:59:59.544278,1970-01-01 03:59:59.544278,1970-01-01 04:31:25.193460
33,pm_03,1970-01-01,1970-01-01 03:27:33.895095,1970-01-01 03:27:33.895095,1970-01-01 03:28:33.895095,1970-01-01,1970-01-01 03:28:33.895095,1970-01-01 03:28:33.895095,1970-01-01 03:30:33.895095,1970-01-01,1970-01-01 03:30:33.895095,1970-01-01 03:30:33.895095,1970-01-01 03:31:33.895095,1970-01-01,1970-01-01 03:31:33.895095,1970-01-01 03:31:33.895095,1970-01-01 03:32:33.895095,1970-01-01,1970-01-01 03:31:33.895095,1970-01-01 03:31:33.895095,1970-01-01 04:02:59.544278,1970-01-01,1970-01-01 04:02:59.544278,1970-01-01 04:02:59.544278,1970-01-01 04:04:59.544278,1970-01-01,1970-01-01 04:04:59.544278,1970-01-01 04:04:59.544278,1970-01-01 04:36:25.193460
34,pm_04,1970-01-01,1970-01-01 03:32:33.895095,1970-01-01 03:32:33.895095,1970-01-01 03:33:33.895095,1970-01-01,1970-01-01 03:33:33.895095,1970-01-01 03:33:33.895095,1970-01-01 03:35:33.895095,1970-01-01,1970-01-01 03:35:33.895095,1970-01-01 03:35:33.895095,1970-01-01 03:36:33.895095,1970-01-01,1970-01-01 03:36:33.895095,1970-01-01 03:36:33.895095,1970-01-01 03:37:33.895095,1970-01-01,1970-01-01 03:36:33.895095,1970-01-01 03:36:33.895095,1970-01-01 04:07:59.544278,1970-01-01,1970-01-01 04:07:59.544278,1970-01-01 04:07:59.544278,1970-01-01 04:09:59.544278,1970-01-01,1970-01-01 04:09:59.544278,1970-01-01 04:09:59.544278,1970-01-01 04:41:25.193460
35,pm_05,1970-01-01,1970-01-01 03:37:33.895095,1970-01-01 03:37:33.895095,1970-01-01 03:38:33.895095,1970-01-01,1970-01-01 03:38:33.895095,1970-01-01 03:38:33.895095,1970-01-01 03:40:33.895095,1970-01-01,1970-01-01 03:40:33.895095,1970-01-01 03:40:33.895095,1970-01-01 03:41:33.895095,1970-01-01,1970-01-01 03:41:33.895095,1970-01-01 03:41:33.895095,1970-01-01 03:42:33.895095,1970-01-01,1970-01-01 03:41:33.895095,1970-01-01 03:41:33.895095,1970-01-01 04:12:59.544278,1970-01-01,1970-01-01 04:12:59.544278,1970-01-01 04:12:59.544278,1970-01-01 04:14:59.544278,1970-01-01,1970-01-01 04:14:59.544278,1970-01-01 04:14:59.544278,1970-01-01 04:46:25.193460
36,pm_06,1970-01-01,1970-01-01 03:42:33.895095,1970-01-01 03:42:33.895095,1970-01-01 03:43:33.895095,1970-01-01,1970-01-01 03:43:33.895095,1970-01-01 03:43:33.895095,1970-01-01 03:45:33.895095,1970-01-01,1970-01-01 03:45:33.895095,1970-01-01 03:45:33.895095,1970-01-01 03:46:33.895095,1970-01-01,1970-01-01 03:46:33.895095,1970-01-01 03:46:33.895095,1970-01-01 03:47:33.895095,1970-01-01,1970-01-01 03:46:33.895095,1970-01-01 03:46:33.895095,1970-01-01 04:17:59.544278,1970-01-01,1970-01-01 04:17:59.544278,1970-01-01 04:17:59.544278,1970-01-01 04:19:59.544278,1970-01-01,1970-01-01 04:19:59.544278,1970-01-01 04:19:59.544278,1970-01-01 04:51:25.193460
37,pm_07,1970-01-01,1970-01-01 03:47:33.895095,1970-01-01 03:47:33.895095,1970-01-01 03:48:33.895095,1970-01-01,1970-01-01 03:48:33.895095,1970-01-01 03:48:33.895095,1970-01-01 03:50:33.895095,1970-01-01,1970-01-01 03:50:33.895095,1970-01-01 03:50:33.895095,1970-01-01 03:51:33.895095,1970-01-01,1970-01-01 03:51:33.895095,1970-01-01 03:51:33.895095,1970-01-01 03:52:33.895095,1970-01-01,1970-01-01 03:51:33.895095,1970-01-01 03:51:33.895095,1970-01-01 04:22:59.544278,1970-01-01,1970-01-01 04:22:59.544278,1970-01-01 04:22:59.544278,1970-01-01 04:24:59.544278,1970-01-01,1970-01-01 04:24:59.544278,1970-01-01 04:24:59.544278,1970-01-01 04:56:25.193460
38,pm_08,1970-01-01,1970-01-01 03:52:33.895095,1970-01-01 03:52:33.895095,1970-01-01 03:53:33.895095,1970-01-01,1970-01-01 03:53:33.895095,1970-01-01 03:53:33.895095,1970-01-01 03:55:33.895095,1970-01-01,1970-01-01 03:55:33.895095,1970-01-01 03:55:33.895095,1970-01-01 03:56:33.895095,1970-01-01,1970-01-01 03:56:33.895095,1970-01-01 03:56:33.895095,1970-01-01 03:57:33.895095,1970-01-01,1970-01-01 03:56:33.895095,1970-01-01 03:56:33.895095,1970-01-01 04:27:59.544278,1970-01-01,1970-01-01 04:27:59.544278,1970-01-01 04:27:59.544278,1970-01-01 04:29:59.544278,1970-01-01,1970-01-01 04:29:59.544278,1970-01-01 04:29:59.544278,1970-01-01 05:01:25.193460
39,pm_09,1970-01-01,1970-01-01 03:57:33.895095,1970-01-01 03:57:33.895095,1970-01-01 03:58:33.895095,1970-01-01,1970-01-01 03:58:33.895095,1970-01-01 03:58:33.895095,1970-01-01 04:00:33.895095,1970-01-01,1970-01-01 04:00:33.895095,1970-01-01 04:00:33.895095,1970-01-01 04:01:33.895095,1970-01-01,1970-01-01 04:01:33.895095,1970-01-01 04:01:33.895095,1970-01-01 04:02:33.895095,1970-01-01,1970-01-01 04:01:33.895095,1970-01-01 04:01:33.895095,1970-01-01 04:32:59.544278,1970-01-01,1970-01-01 04:32:59.544278,1970-01-01 04:32:59.544278,1970-01-01 04:34:59.544278,1970-01-01,1970-01-01 04:34:59.544278,1970-01-01 04:34:59.544278,1970-01-01 05:06:25.193460
40,pm_10,1970-01-01,1970-01-01 04:02:33.895095,1970-01-01 04:02:33.895095,1970-01-01 04:03:33.895095,1970-01-01,1970-01-01 04:03:33.895095,1970-01-01 04:03:33.895095,1970-01-01 04:05:33.895095,1970-01-01,1970-01-01 04:05:33.895095,1970-01-01 04:05:33.895095,1970-01-01 04:06:33.895095,1970-01-01,1970-01-01 04:06:33.895095,1970-01-01 04:06:33.895095,1970-01-01 04:07:33.895095,1970-01-01,1970-01-01 04:06:33.895095,1970-01-01 04:06:33.895095,1970-01-01 04:37:59.544278,1970-01-01,1970-01-01 04:37:59.544278,1970-01-01 04:37:59.544278,1970-01-01 04:39:59.544278,1970-01-01,1970-01-01 04:39:59.544278,1970-01-01 04:39:59.544278,1970-01-01 05:11:25.193460
41,pm_01,1970-01-01,1970-01-01 04:07:33.895095,1970-01-01 04:07:33.895095,1970-01-01 04:08:33.895095,1970-01-01,1970-01-01 04:08:33.895095,1970-01-01 04:08:33.895095,1970-01-01 04:10:33.895095,1970-01-01,1970-01-01 04:26:25.193460,1970-01-01 04:26:25.193460,1970-01-01 04:27:25.193460,1970-01-01,1970-01-01 04:27:25.193460,1970-01-01 04:27:25.193460,1970-01-01 04:28:25.193460,1970-01-01,1970-01-01 04:27:25.193460,1970-01-01 04:27:25.193460,1970-01-01 04:58:50.842643,1970-01-01,1970-01-01 04:58:50.842643,1970-01-01 04:58:50.842643,1970-01-01 05:00:50.842643,1970-01-01,1970-01-01 05:00:50.842643,1970-01-01 05:00:50.842643,1970-01-01 05:32:16.491825
42,pm_02,1970-01-01,1970-01-01 04:28:25.193460,1970-01-01 04:28:25.193460,1970-01-01 04:29:25.193460,1970-01-01,1970-01-01 04:29:25.193460,1970-01-01 04:29:25.193460,1970-01-01 04:31:25.193460,1970-01-01,1970-01-01 04:31:25.193460,1970-01-01 04:31:25.193460,1970-01-01 04:32:25.193460,1970-01-01,1970-01-01 04:32:25.193460,1970-01-01 04:32:25.193460,1970-01-01 04:33:25.193460,1970-01-01,1970-01-01 04:32:25.193460,1970-01-01 04:32:25.193460,1970-01-01 05:03:50.842643,1970-01-01,1970-01-01 05:03:50.842643,1970-01-01 05:03:50.842643,1970-01-01 05:05:50.842643,1970-01-01,1970-01-01 05:05:50.842643,1970-01-01 05:05:50.842643,1970-01-01 05:37:16.491825
43,pm_03,1970-01-01,1970-01-01 04:33:25.193460,1970-01-01 04:33:25.193460,1970-01-01 04:34:25.193460,1970-01-01,1970-01-01 04:34:25.193460,1970-01-01 04:34:25.193460,1970-01-01 04:36:25.193460,1970-01-01,1970-01-01 04:36:25.193460,1970-01-01 04:36:25.193460,1970-01-01 04:37:25.193460,1970-01-01,1970-01-01 04:37:25.193460,1970-01-01 04:37:25.193460,1970-01-01 04:38:25.193460,1970-01-01,1970-01-01 04:37:25.193460,1970-01-01 04:37:25.193460,1970-01-01 05:08:50.842643,1970-01-01,1970-01-01 05:08:50.842643,1970-01-01 05:08:50.842643,1970-01-01 05:10:50.842643,1970-01-01,1970-01-01 05:10:50.842643,1970-01-01 05:10:50.842643,1970-01-01 05:42:16.491825
44,pm_04,1970-01-01,1970-01-01 04:38:25.193460,1970-01-01 04:38:25.193460,1970-01-01 04:39:25.193460,1970-01-01,1970-01-01 04:39:25.193460,1970-01-01 04:39:25.193460,1970-01-01 04:41:25.193460,1970-01-01,1970-01-01 04:41:25.193460,1970-01-01 04:41:25.193460,1970-01-01 04:42:25.193460,1970-01-01,1970-01-01 04:42:25.193460,1970-01-01 04:42:25.193460,1970-01-01 04:43:25.193460,1970-01-01,1970-01-01 04:42:25.193460,1970-01-01 04:42:25.193460,1970-01-01 05:13:50.842643,1970-01-01,1970-01-01 05:13:50.842643,1970-01-01 05:13:50.842643,1970-01-01 05:15:50.842643,1970-01-01,1970-01-01 05:15:50.842643,1970-01-01 05:15:50.842643,1970-01-01 05:47:16.491825
45,pm_05,1970-01-01,1970-01-01 04:43:25.193460,1970-01-01 04:43:25.193460,1970-01-01 04:44:25.193460,1970-01-01,1970-01-01 04:44:25.193460,1970-01-01 04:44:25.193460,1970-01-01 04:46:25.193460,1970-01-01,1970-01-01 04:46:25.193460,1970-01-01 04:46:25.193460,1970-01-01 04:47:25.193460,1970-01-01,1970-01-01 04:47:25.193460,1970-01-01 04:47:25.193460,1970-01-01 04:48:25.193460,1970-01-01,1970-01-01 04:47:25.193460,1970-01-01 04:47:25.193460,1970-01-01 05:18:50.842643,1970-01-01,1970-01-01 05:18:50.842643,1970-01-01 05:18:50.842643,1970-01-01 05:20:50.842643,1970-01-01,1970-01-01 05:20:50.842643,1970-01-01 05:20:50.842643,1970-01-01 05:52:16.491825
46,pm_06,1970-01-01,1970-01-01 04:48:25.193460,1970-01-01 04:48:25.193460,1970-01-01 04:49:25.193460,1970-01-01,1970-01-01 04:49:25.193460,1970-01-01 04:49:25.193460,1970-01-01 04:51:25.193460,1970-01-01,1970-01-01 04:51:25.193460,1970-01-01 04:51:25.193460,1970-01-01 04:52:25.193460,1970-01-01,1970-01-01 04:52:25.193460,1970-01-01 04:52:25.193460,1970-01-01 04:53:25.193460,1970-01-01,1970-01-01 04:52:25.193460,1970-01-01 04:52:25.193460,1970-01-01 05:23:50.842643,1970-01-01,1970-01-01 05:23:50.842643,1970-01-01 05:23:50.842643,1970-01-01 05:25:50.842643,1970-01-01,1970-01-01 05:25:50.842643,1970-01-01 05:25:50.842643,1970-01-01 05:57:16.491825
47,pm_07,1970-01-01,1970-01-01 04:53:25.193460,1970-01-01 04:53:25.193460,1970-01-01 04:54:25.193460,1970-01-01,1970-01-01 04:54:25.193460,1970-01-01 04:54:25.193460,1970-01-01 04:56:25.193460,1970-01-01,1970-01-01 04:56:25.193460,1970-01-01 04:56:25.193460,1970-01-01 04:57:25.193460,1970-01-01,1970-01-01 04:57:25.193460,1970-01-01 04:57:25.193460,1970-01-01 04:58:25.193460,1970-01-01,1970-01-01 04:57:25.193460,1970-01-01 04:57:25.193460,1970-01-01 05:28:50.842643,1970-01-01,1970-01-01 05:28:50.842643,1970-01-01 05:28:50.842643,1970-01-01 05:30:50.842643,1970-01-01,1970-01-01 05:30:50.842643,1970-01-01 05:30:50.842643,1970-01-01 06:02:16.491825
48,pm_08,1970-01-01,1970-01-01 04:58:25.193460,1970-01-01 04:58:25.193460,1970-01-01 04:59:25.193460,1970-01-01,1970-01-01 04:59:25.193460,1970-01-01 04:59:25.193460,1970-01-01 05:01:25.193460,1970-01-01,1970-01-01 05:01:25.193460,1970-01-01 05:01:25.193460,1970-01-01 05:02:25.193460,1970-01-01,1970-01-01 05:02:25.193460,1970-01-01 05:02:25.193460,1970-01-01 05:03:25.193460,1970-01-01,1970-01-01 05:02:25.193460,1970-01-01 05:02:25.193460,1970-01-01 05:33:50.842643,1970-01-01,1970-01-01 05:33:50.842643,1970-01-01 05:33:50.842643,1970-01-01 05:35:50.842643,1970-01-01,1970-01-01 05:35:50.842643,1970-01-01 05:35:50.842643,1970-01-01 06:07:16.491825
49,pm_09,1970-01-01,1970-01-01 05:03:25.193460,1970-01-01 05:03:25.193460,1970-01-01 05:04:25.193460,1970-01-01,1970-01-01 05:04:25.193460,1970-01-01 05:04:25.193460,1970-01-01 05:06:25.193460,1970-01-01,1970-01-01 05:06:25.193460,1970-01-01 05:06:25.193460,1970-01-01 05:07:25.193460,1970-01-01,1970-01-01 05:07:25.193460,1970-01-01 05:07:25.193460,1970-01-01 05:08:25.193460,1970-01-01,1970-01-01 05:07:25.193460,1970-01-01 05:07:25.193460,1970-01-01 05:38:50.842643,1970-01-01,1970-01-01 05:38:50.842643,1970-01-01 05:38:50.842643,1970-01-01 05:40:50.842643,1970-01-01,1970-01-01 05:40:50.842643,1970-01-01 05:40:50.842643,1970-01-01 06:12:16.491825
50,pm_10,1970-01-01,1970-01-01 05:08:25.193460,1970-01-01 05:08:25.193460,1970-01-01 05:09:25.193460,1970-01-01,1970-01-01 05:09:25.193460,1970-01-01 05:09:25.193460,1970-01-01 05:11:25.193460,1970-01-01,1970-01-01 05:11:25.193460,1970-01-01 05:11:25.193460,1970-01-01 05:12:25.193460,1970-01-01,1970-01-01 05:12:25.193460,1970-01-01 05:12:25.193460,1970-01-01 05:13:25.193460,1970-01-01,1970-01-01 05:12:25.193460,1970-01-01 05:12:25.193460,1970-01-01 05:43:50.842643,1970-01-01,1970-01-01 05:43:50.842643,1970-01-01 05:43:50.842643,1970-01-01 05:45:50.842643,1970-01-01,1970-01-01 05:45:50.842643,1970-01-01 05:45:50.842643,1970-01-01 06:17:16.491825
